aluno_id,nota_periodo_1,nota_periodo_2,nota_final,faltas,tempo_estudo,consumo_alcool_fds,apoio_familia,sexo,idade,prob_risco_%,risco_previsto,risco_real,reprovação,nivel_risco
1,5,6,6,6,2,1,0,F,18,96.7,1,1,0,CRITICO - INTERVENÇÃO PEDAGOGICA PROFUNDA
2,5,5,6,4,2,1,1,F,17,90.3,1,1,0,CRITICO - INTERVENÇÃO PEDAGOGICA PROFUNDA
3,7,8,10,10,2,3,0,F,15,70.6,1,0,3,RUIM - PLANO DE RECUPERAÇÃO URGENTE
4,15,14,15,2,3,1,1,F,15,2.8,0,0,0,EXCELENTE - MANTER AUTONOMIA
5,6,10,10,4,2,2,1,F,16,49.4,1,0,0,REGULAR - APOIO EXTRA OU TUTORIA
6,15,15,15,10,2,2,1,M,16,0.4,0,0,0,EXCELENTE - MANTER AUTONOMIA
7,12,12,11,0,2,1,0,M,16,5.7,0,0,0,EXCELENTE - MANTER AUTONOMIA
8,6,5,6,6,2,1,1,F,17,96.2,1,1,0,CRITICO - INTERVENÇÃO PEDAGOGICA PROFUNDA
9,16,18,19,0,2,1,1,M,15,0.0,0,0,0,EXCELENTE - MANTER AUTONOMIA
10,14,15,15,0,2,1,1,M,15,0.4,0,0,0,EXCELENTE - MANTER AUTONOMIA
11,10,8,9,0,2,2,1,F,15,76.5,1,1,0,RUIM - PLANO DE RECUPERAÇÃO URGENTE
12,10,12,12,4,3,1,1,F,15,7.1,0,0,0,EXCELENTE - MANTER AUTONOMIA
13,14,14,14,2,1,3,1,M,15,0.9,0,0,0,EXCELENTE - MANTER AUTONOMIA
14,10,10,11,2,2,2,1,M,15,11.5,0,0,0,EXCELENTE - MANTER AUTONOMIA
15,14,16,16,0,3,1,1,M,15,0.2,0,0,0,EXCELENTE - MANTER AUTONOMIA
16,14,14,14,4,1,2,1,F,16,2.7,0,0,0,EXCELENTE - MANTER AUTONOMIA
17,13,14,14,6,3,2,1,F,16,3.5,0,0,0,EXCELENTE - MANTER AUTONOMIA
18,8,10,10,4,2,1,1,F,16,86.9,1,0,0,CRITICO - INTERVENÇÃO PEDAGOGICA PROFUNDA
19,6,5,5,16,1,4,1,M,17,99.2,1,1,3,CRITICO - INTERVENÇÃO PEDAGOGICA PROFUNDA
20,8,10,10,4,1,3,0,M,16,22.8,0,0,0,BOM - MONITORIZAÇÃO OCASIONAL
21,13,14,15,0,2,1,0,M,15,0.4,0,0,0,EXCELENTE - MANTER AUTONOMIA
22,12,15,15,0,1,1,1,M,15,1.0,0,0,0,EXCELENTE - MANTER AUTONOMIA
23,15,15,16,2,2,3,0,M,16,0.3,0,0,0,EXCELENTE - MANTER AUTONOMIA
24,13,13,12,0,2,4,1,M,16,3.7,0,0,0,EXCELENTE - MANTER AUTONOMIA
25,10,9,8,2,3,1,1,F,15,59.1,1,1,0,REGULAR - APOIO EXTRA OU TUTORIA
26,6,9,8,14,1,3,1,F,16,93.4,1,1,2,CRITICO - INTERVENÇÃO PEDAGOGICA PROFUNDA
27,12,12,11,2,1,2,1,M,15,5.6,0,0,0,EXCELENTE - MANTER AUTONOMIA
28,15,16,15,4,1,4,0,M,15,0.2,0,0,0,EXCELENTE - MANTER AUTONOMIA
29,11,11,11,4,2,1,1,M,16,11.9,0,0,0,EXCELENTE - MANTER AUTONOMIA
30,10,12,11,16,2,5,1,M,16,24.5,0,0,0,BOM - MONITORIZAÇÃO OCASIONAL
31,9,11,12,0,2,4,1,M,15,2.1,0,0,0,EXCELENTE - MANTER AUTONOMIA
32,17,16,17,0,2,1,1,M,15,0.2,0,0,0,EXCELENTE - MANTER AUTONOMIA
33,17,16,16,0,2,1,1,M,15,0.3,0,0,0,EXCELENTE - MANTER AUTONOMIA
34,8,10,12,0,2,1,0,M,15,6.4,0,0,0,EXCELENTE - MANTER AUTONOMIA
35,12,14,15,0,1,1,1,M,16,1.2,0,0,0,EXCELENTE - MANTER AUTONOMIA
36,8,7,6,0,1,1,1,F,15,89.5,1,1,0,CRITICO - INTERVENÇÃO PEDAGOGICA PROFUNDA
37,15,16,18,2,3,1,1,M,15,0.5,0,0,0,EXCELENTE - MANTER AUTONOMIA
38,15,16,15,7,3,1,1,M,16,0.6,0,0,0,EXCELENTE - MANTER AUTONOMIA
39,12,12,11,2,3,1,1,F,15,18.4,0,0,0,EXCELENTE - MANTER AUTONOMIA
40,14,13,13,8,1,1,1,F,15,5.9,0,0,0,EXCELENTE - MANTER AUTONOMIA
41,7,10,11,25,2,2,1,F,16,87.5,1,0,1,CRITICO - INTERVENÇÃO PEDAGOGICA PROFUNDA
42,12,12,12,8,1,4,1,M,15,0.8,0,0,0,EXCELENTE - MANTER AUTONOMIA
43,19,18,18,2,2,1,1,M,15,0.1,0,0,0,EXCELENTE - MANTER AUTONOMIA
44,8,8,11,0,1,1,1,M,15,24.7,0,0,0,BOM - MONITORIZAÇÃO OCASIONAL
45,10,10,9,14,2,2,0,F,16,30.6,0,1,1,BOM - MONITORIZAÇÃO OCASIONAL
46,8,8,6,8,2,1,1,F,15,76.0,1,1,0,RUIM - PLANO DE RECUPERAÇÃO URGENTE
47,11,12,11,12,2,4,1,F,16,11.5,0,0,0,EXCELENTE - MANTER AUTONOMIA
48,19,19,20,4,4,1,0,M,16,0.0,0,0,0,EXCELENTE - MANTER AUTONOMIA
49,15,15,14,2,2,2,1,M,15,1.6,0,0,0,EXCELENTE - MANTER AUTONOMIA
50,7,7,7,2,2,1,1,F,15,93.5,1,1,1,CRITICO - INTERVENÇÃO PEDAGOGICA PROFUNDA
51,12,13,13,2,2,3,1,F,16,4.5,0,0,0,EXCELENTE - MANTER AUTONOMIA
52,11,13,13,2,2,1,1,F,15,8.9,0,0,0,EXCELENTE - MANTER AUTONOMIA
53,11,11,10,6,1,4,0,M,15,7.3,0,0,1,EXCELENTE - MANTER AUTONOMIA
54,8,10,11,0,1,3,1,F,15,18.2,0,0,0,EXCELENTE - MANTER AUTONOMIA
55,10,13,13,6,1,4,0,F,15,0.8,0,0,0,EXCELENTE - MANTER AUTONOMIA
56,8,9,10,8,2,1,0,F,16,35.0,0,0,0,BOM - MONITORIZAÇÃO OCASIONAL
57,14,15,15,0,2,1,1,F,15,0.4,0,0,0,EXCELENTE - MANTER AUTONOMIA
58,14,15,15,4,2,1,1,M,15,2.5,0,0,0,EXCELENTE - MANTER AUTONOMIA
59,9,10,9,2,2,1,1,M,15,27.4,0,1,0,BOM - MONITORIZAÇÃO OCASIONAL
60,15,16,16,2,2,1,1,F,16,1.9,0,0,0,EXCELENTE - MANTER AUTONOMIA
61,10,11,11,6,2,3,1,F,16,83.7,1,0,0,CRITICO - INTERVENÇÃO PEDAGOGICA PROFUNDA
62,10,8,11,6,1,5,1,F,16,67.6,1,0,0,RUIM - PLANO DE RECUPERAÇÃO URGENTE
63,8,10,9,4,2,1,0,F,16,69.5,1,1,0,RUIM - PLANO DE RECUPERAÇÃO URGENTE
64,10,9,9,2,3,4,1,F,16,89.6,1,1,0,CRITICO - INTERVENÇÃO PEDAGOGICA PROFUNDA
65,10,10,10,0,2,4,0,F,15,55.3,1,0,0,REGULAR - APOIO EXTRA OU TUTORIA
66,16,15,15,2,2,2,1,F,16,0.5,0,0,0,EXCELENTE - MANTER AUTONOMIA
67,13,13,12,4,4,5,1,M,15,0.9,0,0,0,EXCELENTE - MANTER AUTONOMIA
68,7,7,6,4,4,2,1,F,16,90.0,1,1,0,CRITICO - INTERVENÇÃO PEDAGOGICA PROFUNDA
69,8,9,8,2,2,3,1,F,15,85.4,1,1,0,CRITICO - INTERVENÇÃO PEDAGOGICA PROFUNDA
70,16,16,16,12,4,3,1,F,15,0.9,0,0,0,EXCELENTE - MANTER AUTONOMIA
71,13,15,15,0,4,1,1,M,16,1.3,0,0,0,EXCELENTE - MANTER AUTONOMIA
72,10,10,10,0,4,1,0,M,15,25.6,0,0,0,BOM - MONITORIZAÇÃO OCASIONAL
73,8,6,5,2,2,4,1,F,15,97.7,1,1,2,CRITICO - INTERVENÇÃO PEDAGOGICA PROFUNDA
74,12,12,14,2,1,2,0,M,16,5.4,0,0,0,EXCELENTE - MANTER AUTONOMIA
75,11,12,11,54,2,4,1,F,16,31.5,0,0,0,BOM - MONITORIZAÇÃO OCASIONAL
76,9,9,10,6,2,3,1,M,15,62.7,1,0,0,RUIM - PLANO DE RECUPERAÇÃO URGENTE
77,11,11,10,8,4,1,0,M,15,17.1,0,0,0,EXCELENTE - MANTER AUTONOMIA
78,11,11,11,0,4,3,0,F,16,2.5,0,0,0,EXCELENTE - MANTER AUTONOMIA
79,8,8,10,2,1,1,1,M,17,81.3,1,0,3,CRITICO - INTERVENÇÃO PEDAGOGICA PROFUNDA
80,5,5,5,12,2,2,1,F,16,95.9,1,1,0,CRITICO - INTERVENÇÃO PEDAGOGICA PROFUNDA
81,10,12,12,2,1,3,1,M,15,3.8,0,0,0,EXCELENTE - MANTER AUTONOMIA
82,11,10,11,4,3,2,0,M,15,4.7,0,0,0,EXCELENTE - MANTER AUTONOMIA
83,7,6,6,10,2,1,1,F,15,88.5,1,1,0,CRITICO - INTERVENÇÃO PEDAGOGICA PROFUNDA
84,15,15,15,4,2,3,0,M,15,0.1,0,0,0,EXCELENTE - MANTER AUTONOMIA
85,9,10,10,2,2,3,1,F,15,25.2,0,0,0,BOM - MONITORIZAÇÃO OCASIONAL
86,7,9,8,6,2,3,0,F,15,83.3,1,1,2,CRITICO - INTERVENÇÃO PEDAGOGICA PROFUNDA
87,8,7,6,4,2,2,1,F,16,76.1,1,1,0,RUIM - PLANO DE RECUPERAÇÃO URGENTE
88,13,14,14,4,3,3,1,F,15,2.7,0,0,0,EXCELENTE - MANTER AUTONOMIA
89,11,10,10,12,2,1,0,M,16,7.7,0,0,1,EXCELENTE - MANTER AUTONOMIA
90,8,6,7,18,2,5,1,M,16,95.0,1,1,0,CRITICO - INTERVENÇÃO PEDAGOGICA PROFUNDA
91,7,7,8,0,3,3,1,F,16,88.6,1,1,0,CRITICO - INTERVENÇÃO PEDAGOGICA PROFUNDA
92,16,17,18,4,1,3,0,F,15,0.2,0,0,0,EXCELENTE - MANTER AUTONOMIA
93,7,6,6,4,2,3,1,F,16,94.5,1,1,0,CRITICO - INTERVENÇÃO PEDAGOGICA PROFUNDA
94,11,10,10,0,2,1,1,F,16,39.4,0,0,0,BOM - MONITORIZAÇÃO OCASIONAL
95,11,13,14,6,4,1,1,M,15,5.4,0,0,0,EXCELENTE - MANTER AUTONOMIA
96,7,10,10,2,4,1,1,F,15,95.5,1,0,1,CRITICO - INTERVENÇÃO PEDAGOGICA PROFUNDA
97,11,15,15,2,1,1,1,M,16,19.1,0,0,0,EXCELENTE - MANTER AUTONOMIA
98,8,9,10,2,2,1,1,F,16,62.2,1,0,0,RUIM - PLANO DE RECUPERAÇÃO URGENTE
99,11,14,14,6,1,2,0,F,16,2.0,0,0,0,EXCELENTE - MANTER AUTONOMIA
100,7,9,8,0,3,1,1,F,16,44.7,1,1,0,REGULAR - APOIO EXTRA OU TUTORIA
101,7,7,5,14,1,5,1,M,16,98.0,1,1,0,CRITICO - INTERVENÇÃO PEDAGOGICA PROFUNDA
102,16,17,17,0,3,1,1,M,16,0.3,0,0,0,EXCELENTE - MANTER AUTONOMIA
103,10,13,14,4,1,1,1,M,15,2.1,0,0,0,EXCELENTE - MANTER AUTONOMIA
104,7,6,6,26,2,1,1,F,15,96.3,1,1,0,CRITICO - INTERVENÇÃO PEDAGOGICA PROFUNDA
105,16,18,18,0,2,1,1,M,15,0.1,0,0,0,EXCELENTE - MANTER AUTONOMIA
106,10,11,11,10,4,1,0,F,15,10.7,0,0,0,EXCELENTE - MANTER AUTONOMIA
107,7,8,8,8,4,1,1,F,15,81.1,1,1,0,CRITICO - INTERVENÇÃO PEDAGOGICA PROFUNDA
108,16,18,18,2,3,1,1,M,16,0.3,0,0,0,EXCELENTE - MANTER AUTONOMIA
109,10,13,13,6,4,5,1,M,15,91.9,1,0,0,CRITICO - INTERVENÇÃO PEDAGOGICA PROFUNDA
110,14,15,16,4,3,1,1,F,16,1.1,0,0,0,EXCELENTE - MANTER AUTONOMIA
111,18,19,19,6,1,1,0,M,15,0.0,0,0,0,EXCELENTE - MANTER AUTONOMIA
112,7,10,10,0,3,1,1,F,16,93.2,1,0,1,CRITICO - INTERVENÇÃO PEDAGOGICA PROFUNDA
113,10,13,13,6,2,1,0,F,16,16.8,0,0,1,EXCELENTE - MANTER AUTONOMIA
114,18,19,19,10,1,1,0,M,15,0.0,0,0,0,EXCELENTE - MANTER AUTONOMIA
115,9,9,9,8,2,1,0,M,15,71.5,1,1,0,RUIM - PLANO DE RECUPERAÇÃO URGENTE
116,15,15,16,2,2,2,1,M,16,1.1,0,0,0,EXCELENTE - MANTER AUTONOMIA
117,11,13,14,2,2,1,1,M,15,23.4,0,0,0,BOM - MONITORIZAÇÃO OCASIONAL
118,13,14,13,0,1,1,0,M,16,1.0,0,0,0,EXCELENTE - MANTER AUTONOMIA
119,9,7,8,20,2,4,1,M,17,95.5,1,1,1,CRITICO - INTERVENÇÃO PEDAGOGICA PROFUNDA
120,14,13,13,6,1,2,0,M,15,3.2,0,0,0,EXCELENTE - MANTER AUTONOMIA
121,16,15,15,2,2,2,0,F,15,0.3,0,0,0,EXCELENTE - MANTER AUTONOMIA
122,16,14,15,6,4,2,1,M,15,1.1,0,0,0,EXCELENTE - MANTER AUTONOMIA
123,13,13,13,2,2,2,1,F,16,2.3,0,0,0,EXCELENTE - MANTER AUTONOMIA
124,14,11,13,18,1,4,1,M,16,8.0,0,0,0,EXCELENTE - MANTER AUTONOMIA
125,8,7,8,0,2,1,0,F,16,71.6,1,1,0,RUIM - PLANO DE RECUPERAÇÃO URGENTE
126,13,13,12,0,1,2,0,M,15,1.4,0,0,0,EXCELENTE - MANTER AUTONOMIA
127,7,10,11,0,2,1,0,F,15,13.1,0,0,0,EXCELENTE - MANTER AUTONOMIA
128,7,8,9,2,2,1,1,F,19,92.3,1,1,3,CRITICO - INTERVENÇÃO PEDAGOGICA PROFUNDA
129,7,4,0,0,1,2,1,M,18,99.2,1,1,2,CRITICO - INTERVENÇÃO PEDAGOGICA PROFUNDA
130,18,18,18,8,1,5,0,M,16,0.0,0,0,0,EXCELENTE - MANTER AUTONOMIA
131,12,0,0,0,3,2,1,F,15,97.7,1,1,2,CRITICO - INTERVENÇÃO PEDAGOGICA PROFUNDA
132,8,0,0,0,1,2,1,F,15,97.3,1,1,0,CRITICO - INTERVENÇÃO PEDAGOGICA PROFUNDA
133,10,13,12,12,1,3,1,F,17,16.7,0,0,0,EXCELENTE - MANTER AUTONOMIA
134,12,11,11,16,1,4,0,F,16,2.8,0,0,0,EXCELENTE - MANTER AUTONOMIA
135,9,0,0,0,2,1,1,M,15,98.7,1,1,0,CRITICO - INTERVENÇÃO PEDAGOGICA PROFUNDA
136,11,0,0,0,3,1,1,F,15,96.3,1,1,0,CRITICO - INTERVENÇÃO PEDAGOGICA PROFUNDA
137,10,0,0,0,2,4,0,M,17,90.9,1,1,0,CRITICO - INTERVENÇÃO PEDAGOGICA PROFUNDA
138,4,0,0,0,1,1,1,F,16,99.6,1,1,2,CRITICO - INTERVENÇÃO PEDAGOGICA PROFUNDA
139,14,12,12,0,2,3,0,M,16,5.9,0,0,1,EXCELENTE - MANTER AUTONOMIA
140,16,16,15,0,1,1,0,F,15,0.2,0,0,0,EXCELENTE - MANTER AUTONOMIA
141,7,9,0,0,4,1,1,M,15,91.9,1,1,0,CRITICO - INTERVENÇÃO PEDAGOGICA PROFUNDA
142,9,9,9,8,1,2,1,M,16,93.3,1,1,2,CRITICO - INTERVENÇÃO PEDAGOGICA PROFUNDA
143,9,11,11,2,3,1,1,F,15,29.4,0,0,0,BOM - MONITORIZAÇÃO OCASIONAL
144,14,14,13,2,1,3,0,F,16,0.8,0,0,0,EXCELENTE - MANTER AUTONOMIA
145,5,0,0,0,1,2,1,M,17,99.5,1,1,3,CRITICO - INTERVENÇÃO PEDAGOGICA PROFUNDA
146,8,11,11,0,2,2,1,F,15,29.1,0,0,0,BOM - MONITORIZAÇÃO OCASIONAL
147,6,7,0,0,2,1,1,F,15,97.0,1,1,3,CRITICO - INTERVENÇÃO PEDAGOGICA PROFUNDA
148,10,11,11,2,2,1,1,F,15,7.0,0,0,0,EXCELENTE - MANTER AUTONOMIA
149,7,6,0,0,1,1,1,M,16,98.0,1,1,0,CRITICO - INTERVENÇÃO PEDAGOGICA PROFUNDA
150,8,9,10,0,1,5,0,M,15,10.5,0,0,3,EXCELENTE - MANTER AUTONOMIA
151,6,5,0,0,1,5,0,M,18,99.0,1,1,3,CRITICO - INTERVENÇÃO PEDAGOGICA PROFUNDA
152,12,13,14,6,1,5,0,M,16,8.1,0,0,1,EXCELENTE - MANTER AUTONOMIA
153,10,10,10,8,3,3,1,F,15,92.4,1,0,2,CRITICO - INTERVENÇÃO PEDAGOGICA PROFUNDA
154,5,0,0,0,1,1,1,M,19,99.8,1,1,3,CRITICO - INTERVENÇÃO PEDAGOGICA PROFUNDA
155,11,11,12,0,1,1,1,F,17,28.3,0,0,0,BOM - MONITORIZAÇÃO OCASIONAL
156,11,8,8,2,2,1,0,M,15,65.9,1,1,0,RUIM - PLANO DE RECUPERAÇÃO URGENTE
157,16,12,13,8,1,3,0,M,17,4.5,0,0,0,EXCELENTE - MANTER AUTONOMIA
158,9,8,10,6,1,5,1,F,18,87.5,1,0,3,CRITICO - INTERVENÇÃO PEDAGOGICA PROFUNDA
159,17,15,15,2,1,2,0,M,16,0.1,0,0,0,EXCELENTE - MANTER AUTONOMIA
160,10,12,12,4,2,4,1,M,16,13.3,0,0,1,EXCELENTE - MANTER AUTONOMIA
161,7,6,0,0,1,2,0,M,17,98.1,1,1,2,CRITICO - INTERVENÇÃO PEDAGOGICA PROFUNDA
162,5,9,7,6,2,4,1,M,15,98.1,1,1,2,CRITICO - INTERVENÇÃO PEDAGOGICA PROFUNDA
163,7,0,0,0,1,4,0,M,16,99.0,1,1,1,CRITICO - INTERVENÇÃO PEDAGOGICA PROFUNDA
164,10,10,10,2,1,4,0,M,17,2.5,0,0,0,EXCELENTE - MANTER AUTONOMIA
165,5,8,7,0,2,5,0,M,17,99.8,1,1,3,CRITICO - INTERVENÇÃO PEDAGOGICA PROFUNDA
166,12,11,12,16,1,1,1,M,16,21.8,0,0,1,BOM - MONITORIZAÇÃO OCASIONAL
167,10,10,10,4,2,4,0,M,16,11.2,0,0,0,EXCELENTE - MANTER AUTONOMIA
168,14,15,16,0,2,1,0,F,16,1.0,0,0,0,EXCELENTE - MANTER AUTONOMIA
169,6,7,0,0,2,1,1,F,16,87.8,1,1,0,CRITICO - INTERVENÇÃO PEDAGOGICA PROFUNDA
170,14,14,14,0,2,1,1,F,16,1.5,0,0,0,EXCELENTE - MANTER AUTONOMIA
171,6,5,0,0,1,4,1,M,16,97.3,1,1,2,CRITICO - INTERVENÇÃO PEDAGOGICA PROFUNDA
172,13,15,16,2,2,1,1,M,16,0.2,0,0,0,EXCELENTE - MANTER AUTONOMIA
173,13,11,10,0,2,3,1,M,17,8.6,0,0,0,EXCELENTE - MANTER AUTONOMIA
174,8,7,0,0,2,1,0,F,16,95.7,1,1,3,CRITICO - INTERVENÇÃO PEDAGOGICA PROFUNDA
175,10,11,9,4,2,1,1,F,16,60.8,1,1,0,RUIM - PLANO DE RECUPERAÇÃO URGENTE
176,10,9,9,4,2,4,0,M,17,67.4,1,1,0,RUIM - PLANO DE RECUPERAÇÃO URGENTE
177,13,13,11,2,2,4,0,F,16,3.4,0,0,0,EXCELENTE - MANTER AUTONOMIA
178,6,5,6,4,2,4,0,M,17,93.6,1,1,0,CRITICO - INTERVENÇÃO PEDAGOGICA PROFUNDA
179,10,8,9,10,1,4,1,M,16,94.1,1,1,0,CRITICO - INTERVENÇÃO PEDAGOGICA PROFUNDA
180,10,10,11,4,2,1,1,M,17,52.5,1,0,0,REGULAR - APOIO EXTRA OU TUTORIA
181,9,8,8,10,2,3,1,M,16,82.0,1,1,0,CRITICO - INTERVENÇÃO PEDAGOGICA PROFUNDA
182,12,13,12,2,2,2,0,M,16,0.9,0,0,0,EXCELENTE - MANTER AUTONOMIA
183,16,17,17,0,2,3,1,F,17,0.5,0,0,0,EXCELENTE - MANTER AUTONOMIA
184,9,9,8,56,2,3,1,F,17,71.2,1,1,0,RUIM - PLANO DE RECUPERAÇÃO URGENTE
185,12,13,12,14,2,2,1,F,16,11.1,0,0,0,EXCELENTE - MANTER AUTONOMIA
186,12,12,11,12,2,3,1,M,17,17.4,0,0,0,EXCELENTE - MANTER AUTONOMIA
187,11,12,11,2,1,2,1,M,16,3.1,0,0,0,EXCELENTE - MANTER AUTONOMIA
188,15,15,15,0,2,2,0,M,16,0.2,0,0,0,EXCELENTE - MANTER AUTONOMIA
189,8,7,9,6,2,3,1,F,17,83.2,1,1,0,CRITICO - INTERVENÇÃO PEDAGOGICA PROFUNDA
190,8,9,10,4,2,5,0,M,17,42.9,1,0,0,REGULAR - APOIO EXTRA OU TUTORIA
191,11,12,13,10,2,1,0,F,16,10.9,0,0,0,EXCELENTE - MANTER AUTONOMIA
192,8,8,9,0,2,1,0,F,17,77.3,1,1,0,RUIM - PLANO DE RECUPERAÇÃO URGENTE
193,7,8,8,12,2,5,0,M,17,97.6,1,1,0,CRITICO - INTERVENÇÃO PEDAGOGICA PROFUNDA
194,8,9,10,8,1,4,1,M,16,93.0,1,0,0,CRITICO - INTERVENÇÃO PEDAGOGICA PROFUNDA
195,13,14,14,0,1,1,0,M,16,1.1,0,0,0,EXCELENTE - MANTER AUTONOMIA
196,14,15,15,0,2,1,0,F,17,0.5,0,0,0,EXCELENTE - MANTER AUTONOMIA
197,17,15,16,4,1,2,0,M,17,0.2,0,0,0,EXCELENTE - MANTER AUTONOMIA
198,9,9,10,8,1,5,1,M,16,87.7,1,0,0,CRITICO - INTERVENÇÃO PEDAGOGICA PROFUNDA
199,18,18,18,24,1,3,1,F,17,0.5,0,0,1,EXCELENTE - MANTER AUTONOMIA
200,9,9,10,0,2,2,1,F,16,14.1,0,0,0,EXCELENTE - MANTER AUTONOMIA
201,16,16,16,2,2,5,1,F,16,0.6,0,0,0,EXCELENTE - MANTER AUTONOMIA
202,8,10,10,6,2,3,1,F,16,66.8,1,0,0,RUIM - PLANO DE RECUPERAÇÃO URGENTE
203,9,9,10,4,2,3,1,F,17,29.8,0,0,0,BOM - MONITORIZAÇÃO OCASIONAL
204,7,6,6,18,1,2,1,F,17,94.1,1,1,0,CRITICO - INTERVENÇÃO PEDAGOGICA PROFUNDA
205,10,10,11,6,4,1,1,F,16,42.1,1,0,0,REGULAR - APOIO EXTRA OU TUTORIA
206,10,9,9,28,3,4,1,F,17,84.7,1,1,1,CRITICO - INTERVENÇÃO PEDAGOGICA PROFUNDA
207,7,7,7,5,2,2,1,F,16,86.1,1,1,3,CRITICO - INTERVENÇÃO PEDAGOGICA PROFUNDA
208,11,12,13,10,2,1,0,F,16,14.5,0,0,0,EXCELENTE - MANTER AUTONOMIA
209,9,9,10,6,1,4,1,F,16,29.9,0,0,0,BOM - MONITORIZAÇÃO OCASIONAL
210,7,7,7,6,3,1,1,F,17,96.5,1,1,0,CRITICO - INTERVENÇÃO PEDAGOGICA PROFUNDA
211,8,8,8,10,4,2,1,F,19,87.2,1,1,0,CRITICO - INTERVENÇÃO PEDAGOGICA PROFUNDA
212,12,12,13,13,2,5,1,M,17,0.9,0,0,0,EXCELENTE - MANTER AUTONOMIA
213,12,13,14,0,2,1,1,F,16,8.1,0,0,0,EXCELENTE - MANTER AUTONOMIA
214,6,7,8,15,2,4,1,M,18,96.7,1,1,1,CRITICO - INTERVENÇÃO PEDAGOGICA PROFUNDA
215,8,10,10,12,1,2,1,F,17,9.4,0,0,0,EXCELENTE - MANTER AUTONOMIA
216,14,15,15,2,2,3,0,F,17,0.5,0,0,0,EXCELENTE - MANTER AUTONOMIA
217,6,6,4,22,2,4,0,F,17,99.1,1,1,2,CRITICO - INTERVENÇÃO PEDAGOGICA PROFUNDA
218,6,6,8,13,2,4,1,M,18,97.0,1,1,1,CRITICO - INTERVENÇÃO PEDAGOGICA PROFUNDA
219,7,7,8,3,1,4,1,F,17,73.3,1,1,0,RUIM - PLANO DE RECUPERAÇÃO URGENTE
220,9,10,10,4,3,1,1,F,17,29.9,0,0,0,BOM - MONITORIZAÇÃO OCASIONAL
221,6,6,6,2,2,2,1,F,17,97.5,1,1,0,CRITICO - INTERVENÇÃO PEDAGOGICA PROFUNDA
222,6,5,0,0,3,1,1,F,17,98.1,1,1,1,CRITICO - INTERVENÇÃO PEDAGOGICA PROFUNDA
223,16,16,17,2,2,1,0,F,16,1.0,0,0,0,EXCELENTE - MANTER AUTONOMIA
224,12,13,13,0,2,5,1,M,18,7.2,0,0,0,EXCELENTE - MANTER AUTONOMIA
225,13,13,14,0,3,1,1,F,16,1.5,0,0,0,EXCELENTE - MANTER AUTONOMIA
226,9,8,7,16,2,1,0,F,18,93.5,1,1,1,CRITICO - INTERVENÇÃO PEDAGOGICA PROFUNDA
227,16,15,15,10,2,3,0,F,17,0.4,0,0,0,EXCELENTE - MANTER AUTONOMIA
228,12,11,12,2,2,3,1,M,17,1.2,0,0,0,EXCELENTE - MANTER AUTONOMIA
229,10,8,9,14,2,5,1,M,18,97.2,1,1,0,CRITICO - INTERVENÇÃO PEDAGOGICA PROFUNDA
230,12,10,12,10,3,2,0,F,17,6.6,0,0,0,EXCELENTE - MANTER AUTONOMIA
231,13,13,14,14,2,2,0,F,17,3.1,0,0,0,EXCELENTE - MANTER AUTONOMIA
232,11,11,11,4,2,1,1,M,17,9.1,0,0,0,EXCELENTE - MANTER AUTONOMIA
233,11,9,9,14,2,3,1,M,17,89.4,1,1,0,CRITICO - INTERVENÇÃO PEDAGOGICA PROFUNDA
234,14,13,13,2,2,4,1,M,16,1.5,0,0,0,EXCELENTE - MANTER AUTONOMIA
235,9,7,6,18,2,1,1,M,16,80.0,1,1,0,RUIM - PLANO DE RECUPERAÇÃO URGENTE
236,11,9,10,10,3,3,0,M,16,27.4,0,0,0,BOM - MONITORIZAÇÃO OCASIONAL
237,14,13,13,4,2,5,0,M,17,0.1,0,0,0,EXCELENTE - MANTER AUTONOMIA
238,13,12,12,20,1,1,0,F,16,5.7,0,0,0,EXCELENTE - MANTER AUTONOMIA
239,13,11,11,2,2,1,0,F,17,33.0,0,0,0,BOM - MONITORIZAÇÃO OCASIONAL
240,7,7,0,0,2,5,0,M,18,80.8,1,1,1,CRITICO - INTERVENÇÃO PEDAGOGICA PROFUNDA
241,12,12,12,14,2,4,0,M,17,19.1,0,0,0,EXCELENTE - MANTER AUTONOMIA
242,10,11,12,2,2,3,1,M,17,5.7,0,0,0,EXCELENTE - MANTER AUTONOMIA
243,6,0,0,0,1,1,0,M,16,97.9,1,1,0,CRITICO - INTERVENÇÃO PEDAGOGICA PROFUNDA
244,13,12,12,0,1,2,0,M,16,1.6,0,0,0,EXCELENTE - MANTER AUTONOMIA
245,7,0,0,0,3,1,1,F,18,98.5,1,1,0,CRITICO - INTERVENÇÃO PEDAGOGICA PROFUNDA
246,18,18,18,6,1,1,0,M,16,0.1,0,0,0,EXCELENTE - MANTER AUTONOMIA
247,12,12,13,4,1,1,0,M,17,1.7,0,0,0,EXCELENTE - MANTER AUTONOMIA
248,6,8,8,16,1,5,0,M,22,99.6,1,1,3,CRITICO - INTERVENÇÃO PEDAGOGICA PROFUNDA
249,3,5,5,8,2,3,1,M,18,99.5,1,1,1,CRITICO - INTERVENÇÃO PEDAGOGICA PROFUNDA
250,13,15,15,0,1,4,0,M,16,0.2,0,0,0,EXCELENTE - MANTER AUTONOMIA
251,6,8,8,0,1,4,0,M,18,96.9,1,1,1,CRITICO - INTERVENÇÃO PEDAGOGICA PROFUNDA
252,7,10,10,6,2,3,1,M,16,21.8,0,0,0,BOM - MONITORIZAÇÃO OCASIONAL
253,6,9,8,4,1,5,0,M,18,97.5,1,1,1,CRITICO - INTERVENÇÃO PEDAGOGICA PROFUNDA
254,8,9,8,0,1,3,0,M,16,75.5,1,1,0,RUIM - PLANO DE RECUPERAÇÃO URGENTE
255,8,12,12,0,1,4,0,M,17,11.0,0,0,0,EXCELENTE - MANTER AUTONOMIA
256,7,9,8,2,1,2,1,M,17,85.2,1,1,1,CRITICO - INTERVENÇÃO PEDAGOGICA PROFUNDA
257,14,12,13,6,4,1,1,F,17,2.6,0,0,0,EXCELENTE - MANTER AUTONOMIA
258,11,11,11,12,2,1,1,M,19,1.5,0,0,0,EXCELENTE - MANTER AUTONOMIA
259,15,14,14,8,2,2,0,M,18,0.9,0,0,0,EXCELENTE - MANTER AUTONOMIA
260,10,9,0,0,4,1,0,F,17,62.7,1,1,0,RUIM - PLANO DE RECUPERAÇÃO URGENTE
261,17,18,18,21,2,3,1,F,18,0.1,0,0,0,EXCELENTE - MANTER AUTONOMIA
262,8,8,8,2,2,1,1,M,18,32.7,0,1,0,BOM - MONITORIZAÇÃO OCASIONAL
263,13,12,12,1,3,1,0,M,18,6.9,0,0,0,EXCELENTE - MANTER AUTONOMIA
264,10,9,9,4,3,1,0,F,17,56.7,1,1,0,REGULAR - APOIO EXTRA OU TUTORIA
265,9,10,0,0,3,1,1,F,18,84.8,1,1,0,CRITICO - INTERVENÇÃO PEDAGOGICA PROFUNDA
266,17,17,17,13,2,4,1,M,18,0.2,0,0,0,EXCELENTE - MANTER AUTONOMIA
267,9,9,10,2,2,4,0,M,17,34.8,0,0,0,BOM - MONITORIZAÇÃO OCASIONAL
268,12,10,11,8,2,2,0,F,18,22.4,0,0,0,BOM - MONITORIZAÇÃO OCASIONAL
269,10,9,10,10,2,3,1,M,18,40.4,1,0,0,REGULAR - APOIO EXTRA OU TUTORIA
270,6,0,0,0,2,2,1,F,18,99.7,1,1,0,CRITICO - INTERVENÇÃO PEDAGOGICA PROFUNDA
271,9,9,9,15,2,3,1,F,19,96.3,1,1,2,CRITICO - INTERVENÇÃO PEDAGOGICA PROFUNDA
272,15,14,14,4,4,3,1,F,18,3.2,0,0,0,EXCELENTE - MANTER AUTONOMIA
273,11,11,11,2,2,1,1,F,18,14.5,0,0,0,EXCELENTE - MANTER AUTONOMIA
274,15,14,14,2,2,2,1,M,17,0.4,0,0,0,EXCELENTE - MANTER AUTONOMIA
275,10,10,10,2,2,1,1,F,17,33.3,0,0,0,BOM - MONITORIZAÇÃO OCASIONAL
276,12,12,12,6,2,3,1,F,17,15.6,0,0,0,EXCELENTE - MANTER AUTONOMIA
277,10,9,9,75,2,1,0,F,18,98.8,1,1,0,CRITICO - INTERVENÇÃO PEDAGOGICA PROFUNDA
278,9,9,9,22,1,4,0,M,18,86.3,1,1,0,CRITICO - INTERVENÇÃO PEDAGOGICA PROFUNDA
279,9,8,8,15,2,1,1,F,18,97.1,1,1,1,CRITICO - INTERVENÇÃO PEDAGOGICA PROFUNDA
280,10,11,10,8,1,2,0,M,18,8.6,0,0,0,EXCELENTE - MANTER AUTONOMIA
281,8,8,8,30,1,4,0,M,17,93.4,1,1,0,CRITICO - INTERVENÇÃO PEDAGOGICA PROFUNDA
282,11,9,10,19,1,4,0,M,17,30.3,0,0,1,BOM - MONITORIZAÇÃO OCASIONAL
283,12,12,12,1,4,1,1,F,18,3.8,0,0,0,EXCELENTE - MANTER AUTONOMIA
284,8,9,10,4,2,1,0,F,18,81.7,1,0,0,CRITICO - INTERVENÇÃO PEDAGOGICA PROFUNDA
285,10,9,11,4,2,2,1,F,17,24.5,0,0,0,BOM - MONITORIZAÇÃO OCASIONAL
286,12,10,11,2,2,2,0,M,17,5.0,0,0,0,EXCELENTE - MANTER AUTONOMIA
287,18,18,19,5,3,2,1,F,18,0.2,0,0,0,EXCELENTE - MANTER AUTONOMIA
288,13,12,12,6,3,1,1,F,17,9.0,0,0,0,EXCELENTE - MANTER AUTONOMIA
289,15,14,14,6,3,3,0,M,18,0.2,0,0,0,EXCELENTE - MANTER AUTONOMIA
290,15,13,15,9,2,1,1,M,18,0.3,0,0,0,EXCELENTE - MANTER AUTONOMIA
291,12,11,11,11,2,4,1,M,18,18.5,0,0,0,EXCELENTE - MANTER AUTONOMIA
292,15,15,15,0,3,2,1,F,17,1.2,0,0,0,EXCELENTE - MANTER AUTONOMIA
293,12,12,13,12,2,1,0,F,18,5.8,0,0,1,EXCELENTE - MANTER AUTONOMIA
294,18,18,18,6,4,1,1,F,17,0.4,0,0,0,EXCELENTE - MANTER AUTONOMIA
295,14,13,14,8,3,1,1,M,18,0.9,0,0,0,EXCELENTE - MANTER AUTONOMIA
296,14,12,11,4,1,3,1,M,17,4.3,0,0,0,EXCELENTE - MANTER AUTONOMIA
297,10,9,0,0,2,3,1,F,19,93.2,1,1,0,CRITICO - INTERVENÇÃO PEDAGOGICA PROFUNDA
298,10,8,8,10,2,2,1,F,18,63.5,1,1,0,RUIM - PLANO DE RECUPERAÇÃO URGENTE
299,14,13,14,0,4,1,1,F,18,4.0,0,0,0,EXCELENTE - MANTER AUTONOMIA
300,16,15,16,5,1,2,1,M,18,0.2,0,0,0,EXCELENTE - MANTER AUTONOMIA
301,12,10,11,14,2,1,1,F,18,14.8,0,0,0,EXCELENTE - MANTER AUTONOMIA
302,11,11,10,0,1,2,0,M,17,2.2,0,0,0,EXCELENTE - MANTER AUTONOMIA
303,15,12,14,0,3,1,1,F,17,6.3,0,0,0,EXCELENTE - MANTER AUTONOMIA
304,17,17,18,0,4,2,1,F,17,0.1,0,0,0,EXCELENTE - MANTER AUTONOMIA
305,15,14,13,20,2,1,1,M,19,2.7,0,0,1,EXCELENTE - MANTER AUTONOMIA
306,14,12,12,8,2,1,1,F,18,8.7,0,0,1,EXCELENTE - MANTER AUTONOMIA
307,17,18,18,0,1,1,0,M,20,0.1,0,0,0,EXCELENTE - MANTER AUTONOMIA
308,8,9,8,38,1,1,1,M,19,98.7,1,1,1,CRITICO - INTERVENÇÃO PEDAGOGICA PROFUNDA
309,15,12,12,0,2,2,0,M,19,5.0,0,0,1,EXCELENTE - MANTER AUTONOMIA
310,12,10,10,18,2,3,1,F,19,32.6,0,0,1,BOM - MONITORIZAÇÃO OCASIONAL
311,9,9,0,0,2,2,0,F,19,87.9,1,1,1,CRITICO - INTERVENÇÃO PEDAGOGICA PROFUNDA
312,14,12,13,20,2,1,1,F,19,12.7,0,0,0,EXCELENTE - MANTER AUTONOMIA
313,13,11,11,3,2,2,0,M,19,3.3,0,0,1,EXCELENTE - MANTER AUTONOMIA
314,13,10,11,22,2,2,1,F,19,2.7,0,0,1,EXCELENTE - MANTER AUTONOMIA
315,15,13,13,14,3,1,0,F,19,1.2,0,0,2,EXCELENTE - MANTER AUTONOMIA
316,13,11,11,40,3,1,0,F,19,49.5,1,0,1,REGULAR - APOIO EXTRA OU TUTORIA
317,8,8,0,0,2,2,1,F,18,86.3,1,1,0,CRITICO - INTERVENÇÃO PEDAGOGICA PROFUNDA
318,9,10,9,9,3,1,1,F,18,80.9,1,1,0,CRITICO - INTERVENÇÃO PEDAGOGICA PROFUNDA
319,11,11,10,0,3,5,1,F,17,7.7,0,0,0,EXCELENTE - MANTER AUTONOMIA
320,11,11,11,2,2,3,1,F,18,13.3,0,0,0,EXCELENTE - MANTER AUTONOMIA
321,13,13,13,23,2,2,1,F,17,2.6,0,0,0,EXCELENTE - MANTER AUTONOMIA
322,11,9,9,12,2,1,1,F,17,52.5,1,1,0,REGULAR - APOIO EXTRA OU TUTORIA
323,11,11,11,3,3,2,1,F,17,42.4,1,0,0,REGULAR - APOIO EXTRA OU TUTORIA
324,12,14,15,1,3,3,1,F,17,7.5,0,0,0,EXCELENTE - MANTER AUTONOMIA
325,16,15,15,0,3,3,0,F,17,0.3,0,0,0,EXCELENTE - MANTER AUTONOMIA
326,9,12,11,3,3,2,0,M,18,39.0,0,0,0,BOM - MONITORIZAÇÃO OCASIONAL
327,14,15,16,3,1,5,0,M,17,0.7,0,0,0,EXCELENTE - MANTER AUTONOMIA
328,11,10,10,8,1,5,1,M,17,57.3,1,0,0,REGULAR - APOIO EXTRA OU TUTORIA
329,10,9,9,7,3,3,1,F,17,66.0,1,1,0,RUIM - PLANO DE RECUPERAÇÃO URGENTE
330,14,14,14,4,3,2,1,F,17,0.5,0,0,0,EXCELENTE - MANTER AUTONOMIA
331,9,8,8,2,4,4,1,M,18,90.4,1,1,0,CRITICO - INTERVENÇÃO PEDAGOGICA PROFUNDA
332,12,14,14,7,3,1,1,F,17,15.4,0,0,0,EXCELENTE - MANTER AUTONOMIA
333,7,0,0,0,2,1,0,F,18,98.7,1,1,0,CRITICO - INTERVENÇÃO PEDAGOGICA PROFUNDA
334,8,8,0,0,2,1,0,F,18,65.1,1,1,0,RUIM - PLANO DE RECUPERAÇÃO URGENTE
335,10,9,0,0,4,1,0,F,18,62.4,1,1,0,RUIM - PLANO DE RECUPERAÇÃO URGENTE
336,16,15,15,16,3,3,0,F,17,1.3,0,0,0,EXCELENTE - MANTER AUTONOMIA
337,14,13,13,12,3,2,0,F,19,2.9,0,0,1,EXCELENTE - MANTER AUTONOMIA
338,7,8,0,0,2,3,1,F,17,84.9,1,1,0,CRITICO - INTERVENÇÃO PEDAGOGICA PROFUNDA
339,16,15,17,7,4,1,1,F,18,0.8,0,0,0,EXCELENTE - MANTER AUTONOMIA
340,9,10,10,4,2,3,1,F,17,14.6,0,0,0,EXCELENTE - MANTER AUTONOMIA
341,11,12,11,4,3,3,0,F,19,35.5,0,0,1,BOM - MONITORIZAÇÃO OCASIONAL
342,10,10,0,0,2,2,1,M,18,83.9,1,1,1,CRITICO - INTERVENÇÃO PEDAGOGICA PROFUNDA
343,16,15,15,11,2,3,0,M,18,0.3,0,0,0,EXCELENTE - MANTER AUTONOMIA
344,9,8,0,0,2,2,1,F,17,13.9,0,1,1,EXCELENTE - MANTER AUTONOMIA
345,11,10,10,4,3,2,1,F,18,32.8,0,0,0,BOM - MONITORIZAÇÃO OCASIONAL
346,13,13,14,7,3,3,0,F,18,3.3,0,0,0,EXCELENTE - MANTER AUTONOMIA
347,16,15,16,9,3,2,0,M,18,0.4,0,0,0,EXCELENTE - MANTER AUTONOMIA
348,10,10,9,0,3,3,1,M,18,17.3,0,1,0,EXCELENTE - MANTER AUTONOMIA
349,13,15,15,0,3,3,1,F,17,2.4,0,0,0,EXCELENTE - MANTER AUTONOMIA
350,11,13,13,10,1,5,1,M,18,21.1,0,0,1,BOM - MONITORIZAÇÃO OCASIONAL
351,8,7,8,8,2,3,0,M,19,98.3,1,1,3,CRITICO - INTERVENÇÃO PEDAGOGICA PROFUNDA
352,13,13,13,2,2,3,1,M,17,4.5,0,0,0,EXCELENTE - MANTER AUTONOMIA
353,8,7,8,7,1,3,0,M,18,74.4,1,1,1,RUIM - PLANO DE RECUPERAÇÃO URGENTE
354,8,8,8,4,1,3,1,M,19,94.4,1,1,1,CRITICO - INTERVENÇÃO PEDAGOGICA PROFUNDA
355,13,11,11,4,2,3,1,M,17,2.1,0,0,0,EXCELENTE - MANTER AUTONOMIA
356,10,9,9,0,2,1,1,F,18,83.8,1,1,0,CRITICO - INTERVENÇÃO PEDAGOGICA PROFUNDA
357,12,13,13,4,2,2,1,F,17,4.9,0,0,0,EXCELENTE - MANTER AUTONOMIA
358,12,12,11,2,2,2,0,F,17,11.0,0,0,0,EXCELENTE - MANTER AUTONOMIA
359,10,10,10,4,1,2,0,M,18,5.9,0,0,0,EXCELENTE - MANTER AUTONOMIA
360,18,16,16,0,3,1,0,F,18,0.4,0,0,0,EXCELENTE - MANTER AUTONOMIA
361,13,13,13,0,2,4,0,F,18,2.3,0,0,0,EXCELENTE - MANTER AUTONOMIA
362,13,12,12,2,2,3,0,M,18,3.6,0,0,1,EXCELENTE - MANTER AUTONOMIA
363,11,11,10,0,2,3,1,F,18,18.6,0,0,0,EXCELENTE - MANTER AUTONOMIA
364,16,15,15,0,2,1,1,F,17,2.0,0,0,0,EXCELENTE - MANTER AUTONOMIA
365,12,11,12,0,2,2,0,F,17,6.3,0,0,0,EXCELENTE - MANTER AUTONOMIA
366,10,10,10,4,2,4,1,M,18,47.2,1,0,0,REGULAR - APOIO EXTRA OU TUTORIA
367,13,13,13,0,3,2,0,M,18,1.3,0,0,0,EXCELENTE - MANTER AUTONOMIA
368,7,6,0,0,1,2,1,F,17,93.5,1,1,1,CRITICO - INTERVENÇÃO PEDAGOGICA PROFUNDA
369,11,10,10,0,1,2,1,F,18,6.6,0,0,0,EXCELENTE - MANTER AUTONOMIA
370,14,12,11,10,2,2,1,F,18,6.3,0,0,0,EXCELENTE - MANTER AUTONOMIA
371,7,7,9,4,2,1,0,F,19,99.2,1,1,2,CRITICO - INTERVENÇÃO PEDAGOGICA PROFUNDA
372,14,12,12,3,1,3,1,M,18,1.6,0,0,0,EXCELENTE - MANTER AUTONOMIA
373,13,11,11,8,3,1,0,F,17,12.8,0,0,0,EXCELENTE - MANTER AUTONOMIA
374,6,5,5,14,1,3,0,F,17,95.4,1,1,0,CRITICO - INTERVENÇÃO PEDAGOGICA PROFUNDA
375,19,18,19,0,3,1,0,F,18,0.1,0,0,0,EXCELENTE - MANTER AUTONOMIA
376,8,8,10,2,3,2,0,F,18,25.7,0,0,0,BOM - MONITORIZAÇÃO OCASIONAL
377,15,14,15,4,3,1,1,F,20,4.5,0,0,2,EXCELENTE - MANTER AUTONOMIA
378,8,9,10,4,2,4,0,F,18,20.2,0,0,0,BOM - MONITORIZAÇÃO OCASIONAL
379,15,15,15,0,2,2,0,F,18,0.5,0,0,0,EXCELENTE - MANTER AUTONOMIA
380,10,10,10,17,2,3,1,F,17,48.8,1,0,0,REGULAR - APOIO EXTRA OU TUTORIA
381,15,14,14,4,2,4,0,M,18,0.2,0,0,0,EXCELENTE - MANTER AUTONOMIA
382,7,6,7,5,1,3,0,M,18,97.1,1,1,0,CRITICO - INTERVENÇÃO PEDAGOGICA PROFUNDA
383,11,11,10,2,2,1,0,M,17,10.2,0,0,0,EXCELENTE - MANTER AUTONOMIA
384,6,5,0,0,1,3,0,M,19,98.9,1,1,1,CRITICO - INTERVENÇÃO PEDAGOGICA PROFUNDA
385,6,5,5,14,1,3,0,M,18,97.0,1,1,1,CRITICO - INTERVENÇÃO PEDAGOGICA PROFUNDA
386,10,9,10,2,3,3,0,F,18,24.3,0,0,0,BOM - MONITORIZAÇÃO OCASIONAL
387,6,5,6,7,1,2,1,F,18,99.1,1,1,0,CRITICO - INTERVENÇÃO PEDAGOGICA PROFUNDA
388,7,5,0,0,3,2,0,F,19,91.3,1,1,1,CRITICO - INTERVENÇÃO PEDAGOGICA PROFUNDA
389,7,9,8,0,2,1,1,F,18,62.1,1,1,0,RUIM - PLANO DE RECUPERAÇÃO URGENTE
390,6,5,0,0,2,1,0,F,18,98.6,1,1,1,CRITICO - INTERVENÇÃO PEDAGOGICA PROFUNDA
391,9,9,9,11,2,5,1,M,20,96.0,1,1,2,CRITICO - INTERVENÇÃO PEDAGOGICA PROFUNDA
392,14,16,16,3,1,4,0,M,17,0.4,0,0,0,EXCELENTE - MANTER AUTONOMIA
393,10,8,7,3,1,3,0,M,21,98.1,1,1,3,CRITICO - INTERVENÇÃO PEDAGOGICA PROFUNDA
394,11,12,10,0,1,4,0,M,18,1.8,0,0,0,EXCELENTE - MANTER AUTONOMIA
395,8,9,9,5,1,3,0,M,19,70.1,1,1,0,RUIM - PLANO DE RECUPERAÇÃO URGENTE
